,Type,InvoiceID,InvoiceNumber,Reference,Payments,CreditNotes,Prepayments,Overpayments,AmountDue,AmountPaid,AmountCredited,CurrencyRate,IsDiscounted,HasAttachments,HasErrors,DateString,Date,DueDateString,DueDate,BrandingThemeID,Status,LineAmountTypes,LineItems,SubTotal,TotalTax,Total,UpdatedDateUTC,CurrencyCode,Contact.ContactID,Contact.Name,Contact.Addresses,Contact.Phones,Contact.ContactGroups,Contact.ContactPersons,Contact.HasValidationErrors,RepeatingInvoiceID,FullyPaidOnDate,SentToContact
0,ACCREC,fee88eea-f2aa-4a71-a372-33d6d83d3c45,INV-0027,Ref MK815,[],[],[],[],396.0,0.0,0.0,1.0,False,False,False,2021-08-29T00:00:00,/Date(1630195200000+0000)/,2021-09-04T00:00:00,/Date(1630713600000+0000)/,d613f7f9-8fcb-477f-97f0-31eb85b7e5cf,AUTHORISED,Inclusive,[],365.82,30.18,396.0,/Date(1229650679057+0000)/,USD,5b96e86b-418e-48e8-8949-308c14aec278,Marine Systems,[],[],[],[],False,,,
1,ACCPAY,9f5bca33-8590-4b6f-acfb-e85712b10217,AP,,[],[],[],[],59.54,0.0,0.0,,False,False,False,2021-08-09T00:00:00,/Date(1628467200000+0000)/,2021-08-16T00:00:00,/Date(1629072000000+0000)/,,AUTHORISED,Exclusive,[],55.0,4.54,59.54,/Date(1229791233740+0000)/,USD,78b7299c-4f1f-46d2-acc3-44a46bd361b1,Swanston Security,[],[],[],[],False,7f9d8073-f224-43d4-bfa9-a8925f25e0ec,,
2,ACCPAY,8a3fdcc9-83eb-4fdd-83e0-52ec1b40b072,AP,,[],[],[],[],31.39,0.0,0.0,,False,False,False,2021-08-26T00:00:00,/Date(1629936000000+0000)/,2021-08-26T00:00:00,/Date(1629936000000+0000)/,,AUTHORISED,Exclusive,[],29.0,2.39,31.39,/Date(1229791330237+0000)/,USD,3b30a108-9156-4a42-a893-3bbbe7af1ef8,Xero,[],[],[],[],False,01e01427-6b48-4d5f-aa2e-87c43f2a32a9,,
3,ACCREC,4c4db294-3633-45cd-8706-f0b3b0079609,INV-0010,Training,[],"[{'CreditNoteID': '602f5486-664e-492f-b4d1-e12df1d4b8ba', 'CreditNoteNumber': 'CN-0014', 'ID': '602f5486-664e-492f-b4d1-e12df1d4b8ba', 'HasErrors': False, 'AppliedAmount': 541.25, 'DateString': '2021-07-18T00:00:00', 'Date': '/Date(1626566400000+0000)/', 'LineItems': [], 'Total': 541.25}]",[],[],0.0,0.0,541.25,,False,False,False,2021-07-07T00:00:00,/Date(1625616000000+0000)/,2021-07-20T00:00:00,/Date(1626739200000+0000)/,,PAID,Exclusive,[],500.0,41.25,541.25,/Date(1229794712660+0000)/,USD,37918a06-92f6-4edb-bfe0-1fc041c90f8b,Boom FM,[],[],[],[],False,,/Date(1626566400000+0000)/,
4,ACCREC,b7e0c5f4-9f52-4126-b102-45fd12eaa3ca,INV-0005,Monthly Support,[],"[{'CreditNoteID': '694c1f99-8085-416c-9ace-40f911303229', 'CreditNoteNumber': 'CN-0015', 'ID': '694c1f99-8085-416c-9ace-40f911303229', 'HasErrors': False, 'AppliedAmount': 541.25, 'DateString': '2021-08-09T00:00:00', 'Date': '/Date(1628467200000+0000)/', 'LineItems': [], 'Total': 541.25}]",[],[],0.0,0.0,541.25,,False,False,False,2021-06-30T00:00:00,/Date(1625011200000+0000)/,2021-07-10T00:00:00,/Date(1625875200000+0000)/,,PAID,Exclusive,[],500.0,41.25,541.25,/Date(1229794794077+0000)/,USD,fd89489e-699c-4d77-a881-10c127bfbeb3,Hamilton Smith Ltd,[],[],[],[],False,,/Date(1628467200000+0000)/,
5,ACCREC,07e71ce4-9801-4cce-914b-dc07e9c0ca5e,INV-0017,Book,[],[],[],[],21.7,0.0,0.0,,False,False,False,2021-07-18T00:00:00,/Date(1626566400000+0000)/,2021-07-28T00:00:00,/Date(1627430400000+0000)/,,AUTHORISED,Exclusive,[],19.95,1.75,21.7,/Date(1229796699267+0000)/,USD,7c913d33-39d5-4a1c-b8b1-e23f5fc999e0,City Limousines,[],[],[],[],False,,,True
6,ACCPAY,3a669bd8-b601-4b9a-81d4-cb03f1af3059,AP,,"[{'PaymentID': 'dac50c7a-d12b-440c-b907-fae1bbbc36a1', 'Date': '/Date(1627344000000+0000)/', 'Amount': 31.39, 'Reference': 'Ref 08162', 'HasAccount': False, 'HasValidationErrors': False}]",[],[],[],0.0,31.39,0.0,,False,False,False,2021-06-26T00:00:00,/Date(1624665600000+0000)/,2021-06-26T00:00:00,/Date(1624665600000+0000)/,,PAID,Exclusive,[],29.0,2.39,31.39,/Date(1229798355777+0000)/,USD,3b30a108-9156-4a42-a893-3bbbe7af1ef8,Xero,[],[],[],[],False,01e01427-6b48-4d5f-aa2e-87c43f2a32a9,/Date(1627344000000+0000)/,
7,ACCPAY,6a77611c-f9af-483b-aa6e-d0fd23137394,RENT,,"[{'PaymentID': '63dd1e8e-a600-4ff1-aa10-f2cf43fefc94', 'Date': '/Date(1625788800000+0000)/', 'Amount': 1181.25, 'Reference': 'FP089876', 'HasAccount': False, 'HasValidationErrors': False}]",[],[],[],0.0,1181.25,0.0,,False,False,False,2021-06-29T00:00:00,/Date(1624924800000+0000)/,2021-06-29T00:00:00,/Date(1624924800000+0000)/,,PAID,Inclusive,[],1091.22,90.03,1181.25,/Date(1229798536177+0000)/,USD,f4af0a9b-e710-4611-8618-4360944ce1f3,Truxton Property Management,[],[],[],[],False,dcd26e24-a848-4492-a452-695b88f66abc,/Date(1625788800000+0000)/,
8,ACCPAY,28a34ad7-6c41-4d92-8312-cd07f8328e90,Rpt,,"[{'PaymentID': '2ea66d76-84d6-485a-ba67-148037a0b576', 'Date': '/Date(1625788800000+0000)/', 'Amount': 119.08, 'Reference': 'FP089876', 'HasAccount': False, 'HasValidationErrors': False}]",[],[],[],0.0,119.08,0.0,,False,False,False,2021-06-29T00:00:00,/Date(1624924800000+0000)/,2021-07-09T00:00:00,/Date(1625788800000+0000)/,,PAID,Exclusive,[],110.0,9.08,119.08,/Date(1229798562287+0000)/,USD,8f48b066-e047-459d-80dd-d495b36608d0,PowerDirect,[],[],[],[],False,9bcc1e13-3e4a-47c5-a300-249bff8a00f6,/Date(1625788800000+0000)/,
9,ACCPAY,824c6c13-b7a5-49a2-99bd-4a6d77f7866e,,,"[{'PaymentID': 'ea89abd7-b942-4a69-a652-854cbd5f799e', 'Date': '/Date(1625788800000+0000)/', 'Amount': 1682.74, 'Reference': 'FP089876', 'HasAccount': False, 'HasValidationErrors': False}]","[{'CreditNoteID': 'eb75c5d2-925e-4201-8944-e7f4c69a3518', 'CreditNoteNumber': 'OG laptop', 'ID': 'eb75c5d2-925e-4201-8944-e7f4c69a3518', 'HasErrors': False, 'AppliedAmount': 270.63, 'DateString': '2021-07-15T00:00:00', 'Date': '/Date(1626307200000+0000)/', 'LineItems': [], 'Total': 270.63}]",[],[],0.0,1682.74,270.63,,False,False,False,2021-07-09T00:00:00,/Date(1625788800000+0000)/,2021-07-09T00:00:00,/Date(1625788800000+0000)/,,PAID,Exclusive,[],1804.5,148.87,1953.37,/Date(1229798583833+0000)/,USD,aacecb74-ef1e-44e0-ba52-0bc521639697,PC Complete,[],[],[],[],False,,/Date(1626307200000+0000)/,
10,ACCPAY,236985ea-21a5-4b17-afb9-c16ff9ff3e27,Rpt,,"[{'PaymentID': '48a29539-e218-407b-8a0c-ae00ad011189', 'Date': '/Date(1625788800000+0000)/', 'Amount': 44.92, 'Reference': 'FP089876', 'HasAccount': False, 'HasValidationErrors': False}]",[],[],[],0.0,44.92,0.0,,False,False,False,2021-06-30T00:00:00,/Date(1625011200000+0000)/,2021-07-10T00:00:00,/Date(1625875200000+0000)/,,PAID,Exclusive,[],41.5,3.42,44.92,/Date(1229798605550+0000)/,USD,b553bc60-5fb9-4d5e-b604-71aaf657cd3d,Net Connect,[],[],[],[],False,334e6b25-c876-499c-81da-ab1293bbeac5,/Date(1625788800000+0000)/,
11,ACCREC,cb5119d0-9759-49d3-800b-7d0a90818178,INV-0001,Monthly Support,"[{'PaymentID': '655ad293-0b35-4c2c-9a97-0ee979dd365f', 'BatchPaymentID': 'ac90d19b-7166-4400-8e34-eb81b39288b7', 'Date': '/Date(1625702400000+0000)/', 'Amount': 541.25, 'Reference': '', 'HasAccount': False, 'HasValidationErrors': False}]",[],[],[],0.0,541.25,0.0,,False,False,False,2021-06-29T00:00:00,/Date(1624924800000+0000)/,2021-07-10T00:00:00,/Date(1625875200000+0000)/,,PAID,Exclusive,[],500.0,41.25,541.25,/Date(1229803587127+0000)/,USD,fd89489e-699c-4d77-a881-10c127bfbeb3,Hamilton Smith Ltd,[],[],[],[],False,,/Date(1625702400000+0000)/,
12,ACCREC,ac4883f6-fb22-4f55-9ed1-34929fc53c78,INV-0002,Monthly Support,"[{'PaymentID': 'eda94e67-0523-4375-ae3d-f481888b6be6', 'BatchPaymentID': 'f6a03619-d352-45d5-a029-16a801b4e401', 'Date': '/Date(1625702400000+0000)/', 'Amount': 541.25, 'Reference': '', 'HasAccount': False, 'HasValidationErrors': False}]",[],[],[],0.0,541.25,0.0,,False,False,False,2021-06-29T00:00:00,/Date(1624924800000+0000)/,2021-07-10T00:00:00,/Date(1625875200000+0000)/,,PAID,Exclusive,[],500.0,41.25,541.25,/Date(1229803589750+0000)/,USD,021b18f8-b62f-4d8a-889e-71fd5427892a,Young Bros Transport,[],[],[],[],False,,/Date(1625702400000+0000)/,
13,ACCPAY,1938eac0-c2dc-48f1-b4e1-b3ae59362f9b,AP,,"[{'PaymentID': 'ac203d5b-3efc-4b5f-9601-c754202cec5b', 'BatchPaymentID': '2f2285ef-9aed-43cd-8a41-021ce41434e7', 'Date': '/Date(1624665600000+0000)/', 'Amount': 31.39, 'Reference': '', 'HasAccount': False, 'HasValidationErrors': False}]",[],[],[],0.0,31.39,0.0,,False,False,False,2021-07-27T00:00:00,/Date(1627344000000+0000)/,2021-07-27T00:00:00,/Date(1627344000000+0000)/,,PAID,Exclusive,[],29.0,2.39,31.39,/Date(1229813606290+0000)/,USD,3b30a108-9156-4a42-a893-3bbbe7af1ef8,Xero,[],[],[],[],False,01e01427-6b48-4d5f-aa2e-87c43f2a32a9,/Date(1624665600000+0000)/,
14,ACCREC,f61d2da2-3957-42f7-b268-6117b957794e,INV-0003,Monthly Support,"[{'PaymentID': '38eec94e-7f2d-4295-b21c-b74078c628ca', 'BatchPaymentID': '9748930b-3eb6-486f-8d4a-2edbc1271087', 'Date': '/Date(1625702400000+0000)/', 'Amount': 541.25, 'Reference': '', 'HasAccount': False, 'HasValidationErrors': False}]",[],[],[],0.0,541.25,0.0,,False,False,False,2021-06-29T00:00:00,/Date(1624924800000+0000)/,2021-07-10T00:00:00,/Date(1625875200000+0000)/,,PAID,Exclusive,[],500.0,41.25,541.25,/Date(1229813616570+0000)/,USD,378f211a-64c2-4327-bab3-9b057f4f51d9,Port & Philip Freight,[],[],[],[],False,,/Date(1625702400000+0000)/,
15,ACCREC,043ce7df-fc3d-4e6b-b505-34579d0490f3,INV-0004,Monthly Support,"[{'PaymentID': 'f1ffc642-018f-4a74-94f1-41655528e082', 'BatchPaymentID': '3fa048c1-ded0-4c1e-ba2c-ea12229ca774', 'Date': '/Date(1625702400000+0000)/', 'Amount': 541.25, 'Reference': '', 'HasAccount': False, 'HasValidationErrors': False}]",[],[],[],0.0,541.25,0.0,,False,False,False,2021-06-29T00:00:00,/Date(1624924800000+0000)/,2021-07-10T00:00:00,/Date(1625875200000+0000)/,,PAID,Exclusive,[],500.0,41.25,541.25,/Date(1229813618710+0000)/,USD,3cbd5263-0965-4c4e-932c-bf50e3297610,Rex Media Group,[],[],[],[],False,,/Date(1625702400000+0000)/,
16,ACCREC,64f222d5-e59a-43e0-8f6b-69f87e42a527,INV-0008,Training,"[{'PaymentID': '8fdca282-ae96-4292-92b3-6194fcfb0a24', 'BatchPaymentID': 'c64e0536-fde6-4ab4-810b-57771c33e430', 'Date': '/Date(1625788800000+0000)/', 'Amount': 1299.0, 'Reference': '', 'HasAccount': False, 'HasValidationErrors': False}]",[],[],[],0.0,1299.0,0.0,,False,False,False,2021-07-01T00:00:00,/Date(1625097600000+0000)/,2021-07-12T00:00:00,/Date(1626048000000+0000)/,,PAID,Exclusive,[],1200.0,99.0,1299.0,/Date(1229813639897+0000)/,USD,47f61ab1-5245-40a2-a3a5-bc224c850c8d,Bank West,[],[],[],[],False,,/Date(1625788800000+0000)/,
17,ACCPAY,14aa8bd8-7473-42c7-b8bc-ca83d7a75236,945-OCon,,"[{'PaymentID': '11e24be4-1f7b-4e40-a81b-bf90b1fe3be9', 'Date': '/Date(1626307200000+0000)/', 'Amount': 900.0, 'Reference': 'FP101897', 'HasAccount': False, 'HasValidationErrors': False}]",[],[],[],163.56,900.0,0.0,,False,False,False,2021-07-07T00:00:00,/Date(1625616000000+0000)/,2021-07-12T00:00:00,/Date(1626048000000+0000)/,,AUTHORISED,Exclusive,[],982.5,81.06,1063.56,/Date(1229815393353+0000)/,USD,cade9142-f5fe-4970-b39e-2f388b8740c0,Central Copiers,[],[],[],[],False,,,
18,ACCPAY,9a4a5e48-56fb-4ec6-9c3b-07c947239372,5679,,"[{'PaymentID': '2fe58620-17ef-4f3d-8dd4-83d3ff395e90', 'Date': '/Date(1626307200000+0000)/', 'Amount': 119.08, 'Reference': 'FP101897', 'HasAccount': False, 'HasValidationErrors': False}]",[],[],[],0.0,119.08,0.0,,False,False,False,2021-07-09T00:00:00,/Date(1625788800000+0000)/,2021-07-15T00:00:00,/Date(1626307200000+0000)/,,PAID,Exclusive,[],110.0,9.08,119.08,/Date(1229815409417+0000)/,USD,537d4d64-2fc1-4521-89c3-489d20fae20d,MCO Cleaning Services,[],[],[],[],False,,/Date(1626307200000+0000)/,
19,ACCPAY,ffbb9f34-f7d7-4f55-91cb-af89552ecdd7,AP,,"[{'PaymentID': 'c5669150-71bf-4e26-95c9-4504737027da', 'Date': '/Date(1626307200000+0000)/', 'Amount': 34.1, 'Reference': 'FP101897', 'HasAccount': False, 'HasValidationErrors': False}]","[{'CreditNoteID': '38b0ede6-a89d-4384-8d24-a3b3e8eaabb0', 'CreditNoteNumber': 'Refund', 'ID': '38b0ede6-a89d-4384-8d24-a3b3e8eaabb0', 'HasErrors': False, 'AppliedAmount': 25.44, 'DateString': '2021-07-15T00:00:00', 'Date': '/Date(1626307200000+0000)/', 'LineItems': [], 'Total': 25.44}]",[],[],0.0,34.1,25.44,,False,False,False,2021-07-09T00:00:00,/Date(1625788800000+0000)/,2021-07-16T00:00:00,/Date(1626393600000+0000)/,,PAID,Exclusive,[],55.0,4.54,59.54,/Date(1229815429527+0000)/,USD,78b7299c-4f1f-46d2-acc3-44a46bd361b1,Swanston Security,[],[],[],[],False,7f9d8073-f224-43d4-bfa9-a8925f25e0ec,/Date(1626307200000+0000)/,
20,ACCPAY,5fe76602-3f0d-48e6-88b6-aadfab4829a8,9781,,"[{'PaymentID': '879a43e9-0cd0-4752-b167-02e79dee8d1a', 'Date': '/Date(1626566400000+0000)/', 'Amount': 1463.88, 'Reference': 'Ref 0293', 'HasAccount': False, 'HasValidationErrors': False}]",[],[],[],0.0,1463.88,0.0,,False,False,False,2021-07-08T00:00:00,/Date(1625702400000+0000)/,2021-07-19T00:00:00,/Date(1626652800000+0000)/,,PAID,Exclusive,[],1350.0,113.88,1463.88,/Date(1229815498650+0000)/,USD,b553bc60-5fb9-4d5e-b604-71aaf657cd3d,Net Connect,[],[],[],[],False,,/Date(1626566400000+0000)/,
21,ACCPAY,0bd7b530-d244-4716-a93e-710de7c61b76,OG laptop,,"[{'PaymentID': '82fb0ce9-4df2-45a9-b6da-652b67be142e', 'Date': '/Date(1626739200000+0000)/', 'Amount': 270.63, 'Reference': '', 'HasAccount': False, 'HasValidationErrors': False}]",[],[],[],0.0,270.63,0.0,,False,False,False,2021-07-20T00:00:00,/Date(1626739200000+0000)/,2021-07-20T00:00:00,/Date(1626739200000+0000)/,,PAID,Exclusive,[],250.0,20.63,270.63,/Date(1229815533883+0000)/,USD,aacecb74-ef1e-44e0-ba52-0bc521639697,PC Complete,[],[],[],[],False,,/Date(1626739200000+0000)/,
22,ACCREC,a909dda4-555b-414b-a395-ba7a4077de72,INV-0024,P/O 9711,[],[],[],[],703.63,0.0,0.0,,False,False,False,2021-08-24T00:00:00,/Date(1629763200000+0000)/,2021-09-08T00:00:00,/Date(1631059200000+0000)/,,AUTHORISED,Exclusive,[],650.0,53.63,703.63,/Date(1229818032087+0000)/,USD,7c913d33-39d5-4a1c-b8b1-e23f5fc999e0,City Limousines,[],[],[],[],False,,,True
23,ACCREC,3f887d04-cbd9-4853-b594-bc1ab207558c,INV-0025,P/O CRM08-12,[],[],[],[],6187.5,0.0,0.0,,False,False,False,2021-08-08T00:00:00,/Date(1628380800000+0000)/,2021-08-29T00:00:00,/Date(1630195200000+0000)/,,AUTHORISED,Inclusive,[],5715.94,471.56,6187.5,/Date(1229821850963+0000)/,USD,65a44264-dea0-481a-b49d-18a334a72334,Ridgeway University,[],[],[],[],False,,,True
24,ACCREC,50e1cbd2-86c6-42df-9538-5691dd54bbee,INV-0012,P/O 9711,[],[],[],[],216.5,0.0,0.0,,False,False,False,2021-07-15T00:00:00,/Date(1626307200000+0000)/,2021-07-25T00:00:00,/Date(1627171200000+0000)/,,AUTHORISED,Exclusive,[],200.0,16.5,216.5,/Date(1229822888727+0000)/,USD,7c913d33-39d5-4a1c-b8b1-e23f5fc999e0,City Limousines,[],[],[],[],False,,/Date(1627603200000+0000)/,True
25,ACCPAY,6b99fc0b-e148-458d-aa8b-da550803c93e,,,[],[],[],[],125.03,0.0,0.0,,False,False,False,2021-08-26T00:00:00,/Date(1629936000000+0000)/,2021-09-08T00:00:00,/Date(1631059200000+0000)/,,AUTHORISED,Exclusive,[],115.5,9.53,125.03,/Date(1229825755433+0000)/,USD,021b18f8-b62f-4d8a-889e-71fd5427892a,Young Bros Transport,[],[],[],[],False,,,
26,ACCPAY,7a69814e-dc6f-4c8b-80ad-cfe9c78c2763,Rpt,,[],[],[],[],108.6,0.0,0.0,,False,False,False,2021-08-29T00:00:00,/Date(1630195200000+0000)/,2021-09-08T00:00:00,/Date(1631059200000+0000)/,,AUTHORISED,Exclusive,[],100.32,8.28,108.6,/Date(1229825820727+0000)/,USD,8f48b066-e047-459d-80dd-d495b36608d0,PowerDirect,[],[],[],[],False,9bcc1e13-3e4a-47c5-a300-249bff8a00f6,,
27,ACCPAY,08e6466f-29f3-4af7-aeac-102944c10033,Rpt,,[],[],[],[],54.13,0.0,0.0,,False,False,False,2021-08-30T00:00:00,/Date(1630281600000+0000)/,2021-09-09T00:00:00,/Date(1631145600000+0000)/,,AUTHORISED,Exclusive,[],50.0,4.13,54.13,/Date(1229825846743+0000)/,USD,b553bc60-5fb9-4d5e-b604-71aaf657cd3d,Net Connect,[],[],[],[],False,334e6b25-c876-499c-81da-ab1293bbeac5,,
28,ACCREC,50a8143e-f9a5-4b84-8560-0daeba260020,INV-0007,Workshop,"[{'PaymentID': '9e2a70e4-7dbb-4b8a-bb64-cb6c6c45050d', 'Date': '/Date(1626134400000+0000)/', 'Amount': 593.23, 'Reference': '', 'HasAccount': False, 'HasValidationErrors': False}]",[],[],[],0.0,593.23,0.0,,False,False,False,2021-07-02T00:00:00,/Date(1625184000000+0000)/,2021-07-13T00:00:00,/Date(1626134400000+0000)/,,PAID,Exclusive,[],547.8,45.43,593.23,/Date(1234707946070+0000)/,USD,fa52f698-1244-47cd-8fb9-5f32b6490a55,City Agency,[],[],[],[],False,,/Date(1626134400000+0000)/,
29,ACCPAY,7f750739-c67a-4acc-9cd7-c133ddbcb7b1,,,[],[],[],[],2132.51,0.0,0.0,,False,False,False,2021-08-24T00:00:00,/Date(1629763200000+0000)/,2021-09-29T00:00:00,/Date(1632873600000+0000)/,,AUTHORISED,Exclusive,[],1969.99,162.52,2132.51,/Date(1237233517650+0000)/,USD,aacecb74-ef1e-44e0-ba52-0bc521639697,PC Complete,[],[],[],[],False,,,
30,ACCPAY,61127f1e-d938-4176-a72e-fd500d5b064f,Rpt,,[],[],[],[],0.0,0.0,0.0,,False,False,False,2021-10-31T00:00:00,/Date(1635638400000+0000)/,2021-08-30T00:00:00,/Date(1630281600000+0000)/,,DELETED,Exclusive,[],39.0,3.22,42.22,/Date(1252359600550+0000)/,USD,b553bc60-5fb9-4d5e-b604-71aaf657cd3d,Net Connect,[],[],[],[],False,334e6b25-c876-499c-81da-ab1293bbeac5,,
31,ACCPAY,323103d0-050b-4538-9abd-b05894f176f5,Rpt,,[],[],[],[],0.0,0.0,0.0,,False,False,False,2021-10-30T00:00:00,/Date(1635552000000+0000)/,2021-11-17T00:00:00,/Date(1637107200000+0000)/,,DELETED,Exclusive,[],105.0,8.66,113.66,/Date(1252359600737+0000)/,USD,8f48b066-e047-459d-80dd-d495b36608d0,PowerDirect,[],[],[],[],False,9bcc1e13-3e4a-47c5-a300-249bff8a00f6,,
32,ACCPAY,1ee8729f-0a1f-4e36-8a10-de4c087b92ab,Rpt,,[],[],[],[],0.0,0.0,0.0,,False,False,False,2021-09-30T00:00:00,/Date(1632960000000+0000)/,2021-11-07T00:00:00,/Date(1636243200000+0000)/,,DELETED,Exclusive,[],39.0,3.22,42.22,/Date(1252359600830+0000)/,USD,b553bc60-5fb9-4d5e-b604-71aaf657cd3d,Net Connect,[],[],[],[],False,334e6b25-c876-499c-81da-ab1293bbeac5,,
33,ACCPAY,927cc424-d1b9-48c8-a6aa-c134b3bc74a4,Rpt,,[],[],[],[],0.0,0.0,0.0,,False,False,False,2021-09-29T00:00:00,/Date(1632873600000+0000)/,2021-10-20T00:00:00,/Date(1634688000000+0000)/,,DELETED,Exclusive,[],105.0,8.66,113.66,/Date(1252359600907+0000)/,USD,8f48b066-e047-459d-80dd-d495b36608d0,PowerDirect,[],[],[],[],False,9bcc1e13-3e4a-47c5-a300-249bff8a00f6,,
34,ACCPAY,f8c11fab-d8b2-4fdc-a803-34501181df3b,AP,,[],[],[],[],0.0,0.0,0.0,,False,False,False,2021-09-08T00:00:00,/Date(1631059200000+0000)/,2021-09-16T00:00:00,/Date(1631750400000+0000)/,,VOIDED,Exclusive,[],55.0,4.54,59.54,/Date(1252359641720+0000)/,USD,78b7299c-4f1f-46d2-acc3-44a46bd361b1,Swanston Security,[],[],[],[],False,7f9d8073-f224-43d4-bfa9-a8925f25e0ec,,
35,ACCPAY,a8beb072-5464-46ab-b437-cce25e6f2a0a,AP,,[],[],[],[],0.0,0.0,0.0,,False,False,False,2021-09-26T00:00:00,/Date(1632614400000+0000)/,2021-10-11T00:00:00,/Date(1633910400000+0000)/,,VOIDED,Exclusive,[],29.0,2.39,31.39,/Date(1252359666617+0000)/,USD,3b30a108-9156-4a42-a893-3bbbe7af1ef8,Xero,[],[],[],[],False,01e01427-6b48-4d5f-aa2e-87c43f2a32a9,,
36,ACCPAY,543f7cd8-323d-4baf-96b2-cb76831bccfb,RENT,,[],[],[],[],0.0,0.0,0.0,,False,False,False,2021-09-29T00:00:00,/Date(1632873600000+0000)/,2021-10-11T00:00:00,/Date(1633910400000+0000)/,,VOIDED,Inclusive,[],1091.22,90.03,1181.25,/Date(1252359682763+0000)/,USD,f4af0a9b-e710-4611-8618-4360944ce1f3,Truxton Property Management,[],[],[],[],False,dcd26e24-a848-4492-a452-695b88f66abc,,
37,ACCPAY,df852239-2d19-4313-8285-e94957a45020,AP,,[],[],[],[],0.0,0.0,0.0,,False,False,False,2021-10-09T00:00:00,/Date(1633737600000+0000)/,2021-10-17T00:00:00,/Date(1634428800000+0000)/,,VOIDED,Exclusive,[],55.0,4.54,59.54,/Date(1252359730970+0000)/,USD,78b7299c-4f1f-46d2-acc3-44a46bd361b1,Swanston Security,[],[],[],[],False,7f9d8073-f224-43d4-bfa9-a8925f25e0ec,,
38,ACCPAY,57f74b0c-137d-4627-8c08-388f49a62510,AP,,[],[],[],[],0.0,0.0,0.0,,False,False,False,2021-10-27T00:00:00,/Date(1635292800000+0000)/,2021-11-08T00:00:00,/Date(1636329600000+0000)/,,VOIDED,Exclusive,[],29.0,2.39,31.39,/Date(1252359736960+0000)/,USD,3b30a108-9156-4a42-a893-3bbbe7af1ef8,Xero,[],[],[],[],False,01e01427-6b48-4d5f-aa2e-87c43f2a32a9,,
39,ACCPAY,2a35b64d-8564-43c8-a43f-e56b3f8dddcd,RENT,,[],[],[],[],0.0,0.0,0.0,,False,False,False,2021-10-30T00:00:00,/Date(1635552000000+0000)/,2021-11-08T00:00:00,/Date(1636329600000+0000)/,,VOIDED,Inclusive,[],1091.22,90.03,1181.25,/Date(1252359748520+0000)/,USD,f4af0a9b-e710-4611-8618-4360944ce1f3,Truxton Property Management,[],[],[],[],False,dcd26e24-a848-4492-a452-695b88f66abc,,
40,ACCPAY,1a29fe51-c155-4c8e-b91b-baa176655d23,AP,,[],[],[],[],0.0,0.0,0.0,,False,False,False,2021-11-07T00:00:00,/Date(1636243200000+0000)/,2021-11-14T00:00:00,/Date(1636848000000+0000)/,,VOIDED,Exclusive,[],55.0,4.54,59.54,/Date(1252359772373+0000)/,USD,78b7299c-4f1f-46d2-acc3-44a46bd361b1,Swanston Security,[],[],[],[],False,7f9d8073-f224-43d4-bfa9-a8925f25e0ec,,
41,ACCPAY,f2b3f909-1472-4ee8-98ac-5045bacb5656,GB1-White,,[],[],[],[],840.0,0.0,0.0,1.0,False,False,False,2021-08-27T00:00:00,/Date(1630022400000+0000)/,2021-09-07T00:00:00,/Date(1630972800000+0000)/,,AUTHORISED,Inclusive,[],775.98,64.02,840.0,/Date(1285721714157+0000)/,USD,c01292e3-1a1a-4a70-b120-1218f8f71096,Bayside Wholesale,[],[],[],[],False,,,
42,ACCPAY,93796a50-2fb6-4982-9ccd-01898b419ea0,CS815,,[],[],[],[],242.0,0.0,0.0,1.0,False,False,False,2021-08-30T00:00:00,/Date(1630281600000+0000)/,2021-09-05T00:00:00,/Date(1630800000000+0000)/,,AUTHORISED,Inclusive,[],223.56,18.44,242.0,/Date(1357336531257+0000)/,USD,f93cd75c-9412-4a8c-91a3-b41fe751aa01,Capital Cab Co,[],[],[],[],False,,,
43,ACCPAY,84f7c2d0-8383-46ed-bf45-17e00665ceab,SM0195,,[],[],[],[],2000.0,0.0,0.0,1.0,False,False,False,2021-07-09T00:00:00,/Date(1625788800000+0000)/,2021-07-20T00:00:00,/Date(1626739200000+0000)/,,AUTHORISED,Inclusive,[],1847.58,152.42,2000.0,/Date(1357413009793+0000)/,USD,3f58af86-b4d9-4ac9-950c-2e4cdd94d5be,SMART Agency,[],[],[],[],False,,,
44,ACCPAY,628fc0b0-e65c-47ef-a3e2-99632a1136e7,SM0210,,[],[],[],[],2500.0,0.0,0.0,1.0,False,False,False,2021-08-19T00:00:00,/Date(1629331200000+0000)/,2021-08-29T00:00:00,/Date(1630195200000+0000)/,,AUTHORISED,Inclusive,[],2309.47,190.53,2500.0,/Date(1357413049607+0000)/,USD,3f58af86-b4d9-4ac9-950c-2e4cdd94d5be,SMART Agency,[],[],[],[],False,,,
45,ACCREC,bd63b5f1-5503-4c62-9c4a-e4b9e4257dc9,INV-0006,P/O 9711,[],[],[],[],250.0,0.0,0.0,1.0,False,False,False,2021-06-28T00:00:00,/Date(1624838400000+0000)/,2021-07-08T00:00:00,/Date(1625702400000+0000)/,d613f7f9-8fcb-477f-97f0-31eb85b7e5cf,AUTHORISED,Inclusive,[],230.95,19.05,250.0,/Date(1357416145280+0000)/,USD,7c913d33-39d5-4a1c-b8b1-e23f5fc999e0,City Limousines,[],[],[],[],False,,,True
46,ACCPAY,bbf21465-7a03-417d-b41d-48d3000e858e,RENT,,"[{'PaymentID': '9dbd9caf-d421-45b2-b01a-01d8f5517af3', 'Date': '/Date(1629331200000+0000)/', 'Amount': 1181.25, 'CurrencyRate': 1.0, 'HasAccount': False, 'HasValidationErrors': False}]",[],[],[],0.0,1181.25,0.0,1.0,False,False,False,2021-08-19T00:00:00,/Date(1629331200000+0000)/,2021-08-29T00:00:00,/Date(1630195200000+0000)/,,PAID,Inclusive,[],1091.22,90.03,1181.25,/Date(1357418045760+0000)/,USD,f4af0a9b-e710-4611-8618-4360944ce1f3,Truxton Property Management,[],[],[],[],False,dcd26e24-a848-4492-a452-695b88f66abc,/Date(1629331200000+0000)/,
47,ACCPAY,361a4980-7f53-4b68-820c-f6487f613284,,,"[{'PaymentID': '5c7ab2aa-5b27-482b-b6e3-21b80d2e213e', 'Date': '/Date(1629936000000+0000)/', 'Amount': 411.35, 'CurrencyRate': 1.0, 'HasAccount': False, 'HasValidationErrors': False}]",[],[],[],0.0,411.35,0.0,1.0,False,False,False,2021-08-25T00:00:00,/Date(1629849600000+0000)/,2021-09-25T00:00:00,/Date(1632528000000+0000)/,,PAID,Exclusive,[],380.0,31.35,411.35,/Date(1357418478350+0000)/,USD,ddd4ba65-9b7e-4adf-be7a-e91efbb6c082,Gateway Motors,[],[],[],[],False,,/Date(1629936000000+0000)/,
48,ACCREC,016a64c7-be0b-45a2-acae-13057fdf1566,INV-0026,,[],[],[],[],914.55,0.0,0.0,1.0,False,False,False,2021-08-29T00:00:00,/Date(1630195200000+0000)/,2021-09-08T00:00:00,/Date(1631059200000+0000)/,92f08561-bd65-469b-93fb-65dd1552c678,AUTHORISED,Inclusive,[],844.85,69.7,914.55,/Date(1357590182357+0000)/,USD,85d15bf3-207f-4278-8449-e12dade98c66,Basket Case,[],[],[],[],False,,,
49,ACCREC,88617351-56ed-4c14-a30d-34a006d0a75a,INV-0028,GB1-White,[],[],[],[],234.0,0.0,0.0,1.0,False,False,False,2021-08-29T00:00:00,/Date(1630195200000+0000)/,2021-09-17T00:00:00,/Date(1631836800000+0000)/,d613f7f9-8fcb-477f-97f0-31eb85b7e5cf,AUTHORISED,Inclusive,[],216.93,17.07,234.0,/Date(1358198351037+0000)/,USD,b68deed5-49c8-416a-9f35-2ab14bb1fb6b,Bayside Club,[],[],[],[],False,,,
50,ACCPAY,f175784c-3ae0-4850-8504-46ad807181f7,,,[],[],[],[],130.0,0.0,0.0,1.0,False,False,False,2021-08-24T00:00:00,/Date(1629763200000+0000)/,2021-09-03T00:00:00,/Date(1630627200000+0000)/,,AUTHORISED,Inclusive,[],120.09,9.91,130.0,/Date(1358206130843+0000)/,USD,b68deed5-49c8-416a-9f35-2ab14bb1fb6b,Bayside Club,[],[],[],[],False,,,
51,ACCREC,463042ef-4343-4a5a-abb8-9a1a3e2e1057,INV-0011,Portal Proj,"[{'PaymentID': '002b45b9-891e-43f9-9bfd-2ba9cabc43a4', 'Date': '/Date(1627603200000+0000)/', 'Amount': 1407.25, 'Reference': '', 'CurrencyRate': 1.0, 'HasAccount': False, 'HasValidationErrors': False}]",[],[],[],0.0,1407.25,0.0,,False,False,False,2021-07-13T00:00:00,/Date(1626134400000+0000)/,2021-07-30T00:00:00,/Date(1627603200000+0000)/,,PAID,Exclusive,[],1300.0,107.25,1407.25,/Date(1385071667720+0000)/,USD,2aaaeb6b-b519-4698-9b0a-f74ba1d39be6,Petrie McLoud Watson & Associates,[],[],[],[],False,,/Date(1627603200000+0000)/,
52,ACCREC,11e353a8-73f8-4f50-82e0-ff1a2ff8ffba,INV-0013,Training,"[{'PaymentID': 'f8ff15b6-8210-4350-9bec-c5132dfca4b7', 'Date': '/Date(1627603200000+0000)/', 'Amount': 1082.5, 'Reference': '', 'CurrencyRate': 1.0, 'HasAccount': False, 'HasValidationErrors': False}]",[],[],[],0.0,1082.5,0.0,,False,False,False,2021-07-18T00:00:00,/Date(1626566400000+0000)/,2021-07-30T00:00:00,/Date(1627603200000+0000)/,,PAID,Exclusive,[],1000.0,82.5,1082.5,/Date(1385071671993+0000)/,USD,37918a06-92f6-4edb-bfe0-1fc041c90f8b,Boom FM,[],[],[],[],False,,/Date(1627603200000+0000)/,
53,ACCREC,cb43aadd-8836-4e95-aa2c-c4ba66c2ca9e,INV-0009,P/O CRM08-12,"[{'PaymentID': 'f7bc9e8d-e224-48f7-9e0c-815767f20834', 'Date': '/Date(1627603200000+0000)/', 'Amount': 6187.5, 'Reference': '', 'CurrencyRate': 1.0, 'HasAccount': False, 'HasValidationErrors': False}]",[],[],[],0.0,6187.5,0.0,,False,False,False,2021-07-08T00:00:00,/Date(1625702400000+0000)/,2021-07-30T00:00:00,/Date(1627603200000+0000)/,,PAID,Inclusive,[],5715.94,471.56,6187.5,/Date(1385071774503+0000)/,USD,65a44264-dea0-481a-b49d-18a334a72334,Ridgeway University,[],[],[],[],False,,/Date(1627603200000+0000)/,
54,ACCREC,2c916a34-14fe-4b38-af86-6b0fcc371a89,INV-0022,Yr Ref W08-143,"[{'PaymentID': 'b6b2c4bd-27e7-4d00-993d-b91bef6c7dae', 'Date': '/Date(1627603200000+0000)/', 'Amount': 216.5, 'Reference': '', 'CurrencyRate': 1.0, 'HasAccount': False, 'HasValidationErrors': False}]","[{'CreditNoteID': '4965b2fe-0a1b-471e-ade2-80e0e1f61c91', 'CreditNoteNumber': 'CN-0023', 'ID': '4965b2fe-0a1b-471e-ade2-80e0e1f61c91', 'HasErrors': False, 'AppliedAmount': 21.7, 'DateString': '2021-08-04T00:00:00', 'Date': '/Date(1628035200000+0000)/', 'LineItems': [], 'Total': 21.7}]",[],[],0.0,216.5,21.7,,False,False,False,2021-07-30T00:00:00,/Date(1627603200000+0000)/,2021-08-09T00:00:00,/Date(1628467200000+0000)/,,PAID,Exclusive,[],219.95,18.25,238.2,/Date(1385071801430+0000)/,USD,a3cf95c5-9d26-42e1-80c0-69e5f24886d3,DIISR - Small Business Services,[],[],[],[],False,,/Date(1628035200000+0000)/,
55,ACCREC,1371f05a-4cd3-4760-99a9-e4cf8d98e7bb,INV-0018,Monthly Support,"[{'PaymentID': '821adbe7-e2eb-49a1-8fe9-297a78716473', 'Date': '/Date(1628467200000+0000)/', 'Amount': 541.25, 'Reference': '', 'CurrencyRate': 1.0, 'HasAccount': False, 'HasValidationErrors': False}]",[],[],[],0.0,541.25,0.0,,False,False,False,2021-07-30T00:00:00,/Date(1627603200000+0000)/,2021-08-09T00:00:00,/Date(1628467200000+0000)/,,PAID,Exclusive,[],500.0,41.25,541.25,/Date(1385071881223+0000)/,USD,fd89489e-699c-4d77-a881-10c127bfbeb3,Hamilton Smith Ltd,[],[],[],[],False,,/Date(1628467200000+0000)/,
56,ACCREC,f0065405-e5ad-4c34-ad5b-645e72813c03,INV-0019,Monthly Support,"[{'PaymentID': '706f68c5-46b2-43d8-9aa8-41d1cc2a317f', 'Date': '/Date(1628467200000+0000)/', 'Amount': 541.25, 'Reference': '', 'CurrencyRate': 1.0, 'HasAccount': False, 'HasValidationErrors': False}]",[],[],[],0.0,541.25,0.0,,False,False,False,2021-07-30T00:00:00,/Date(1627603200000+0000)/,2021-08-09T00:00:00,/Date(1628467200000+0000)/,,PAID,Exclusive,[],500.0,41.25,541.25,/Date(1385071949883+0000)/,USD,021b18f8-b62f-4d8a-889e-71fd5427892a,Young Bros Transport,[],[],[],[],False,,/Date(1628467200000+0000)/,
57,ACCREC,72860d4a-207b-4f24-895d-167ffd44ae00,INV-0020,Monthly Support,"[{'PaymentID': '8649fded-cfb4-4acb-a367-714661501d38', 'Date': '/Date(1628467200000+0000)/', 'Amount': 541.25, 'Reference': '', 'CurrencyRate': 1.0, 'HasAccount': False, 'HasValidationErrors': False}]",[],[],[],0.0,541.25,0.0,,False,False,False,2021-07-30T00:00:00,/Date(1627603200000+0000)/,2021-08-09T00:00:00,/Date(1628467200000+0000)/,,PAID,Exclusive,[],500.0,41.25,541.25,/Date(1385071968883+0000)/,USD,378f211a-64c2-4327-bab3-9b057f4f51d9,Port & Philip Freight,[],[],[],[],False,,/Date(1628467200000+0000)/,
58,ACCREC,1ee8363f-097f-4fb3-a452-8068b947e75e,INV-0021,Monthly Support,"[{'PaymentID': '49856713-ab68-4411-99df-9b825f152eb6', 'Date': '/Date(1628467200000+0000)/', 'Amount': 541.25, 'Reference': '', 'CurrencyRate': 1.0, 'HasAccount': False, 'HasValidationErrors': False}]",[],[],[],0.0,541.25,0.0,,False,False,False,2021-07-30T00:00:00,/Date(1627603200000+0000)/,2021-08-09T00:00:00,/Date(1628467200000+0000)/,,PAID,Exclusive,[],500.0,41.25,541.25,/Date(1385071982703+0000)/,USD,3cbd5263-0965-4c4e-932c-bf50e3297610,Rex Media Group,[],[],[],[],False,,/Date(1628467200000+0000)/,
59,ACCPAY,2a578929-58bf-4eca-90db-1356383aeecb,Dep,,"[{'PaymentID': '7153e7c8-175d-4d79-957c-34c6e0546f94', 'Date': '/Date(1628467200000+0000)/', 'Amount': 1500.0, 'Reference': '', 'CurrencyRate': 1.0, 'HasAccount': False, 'HasValidationErrors': False}]",[],[],[],0.0,1500.0,0.0,,False,False,False,2021-07-30T00:00:00,/Date(1627603200000+0000)/,2021-08-09T00:00:00,/Date(1628467200000+0000)/,,PAID,Exclusive,[],1500.0,0.0,1500.0,/Date(1385071991050+0000)/,USD,4ad99fdf-a0cc-4aaa-a1a6-6a1549b9df40,Carlton Functions,[],[],[],[],False,,/Date(1628467200000+0000)/,
60,ACCPAY,12d3bc5a-efe2-4093-b0e3-f6474ef7596d,08-4123,,"[{'PaymentID': '6d898c20-f15b-4242-a3a9-0c7f991502f0', 'Date': '/Date(1628467200000+0000)/', 'Amount': 5953.75, 'Reference': '', 'CurrencyRate': 1.0, 'HasAccount': False, 'HasValidationErrors': False}]",[],[],[],0.0,5953.75,0.0,,False,False,False,2021-07-30T00:00:00,/Date(1627603200000+0000)/,2021-08-09T00:00:00,/Date(1628467200000+0000)/,,PAID,Exclusive,[],5500.0,453.75,5953.75,/Date(1385072033123+0000)/,USD,1d80716b-427e-4cad-80c6-c4b3a18eb23d,Hoyt Productions,[],[],[],[],False,,/Date(1628467200000+0000)/,
61,ACCPAY,6e74d1a5-e95b-406d-8d96-7d8752fa388e,710,,"[{'PaymentID': '186b5bdc-9707-40da-b716-b412ea5a8770', 'Date': '/Date(1628467200000+0000)/', 'Amount': 1000.0, 'Reference': '', 'CurrencyRate': 1.0, 'HasAccount': False, 'HasValidationErrors': False}]",[],[],[],0.0,1000.0,0.0,1.0,False,False,False,2021-08-09T00:00:00,/Date(1628467200000+0000)/,2021-08-09T00:00:00,/Date(1628467200000+0000)/,,PAID,Inclusive,[],923.79,76.21,1000.0,/Date(1385072037417+0000)/,USD,39efa556-8dda-4c81-83d3-a631e59eb6d3,ABC Furniture,[],[],[],[],False,,/Date(1628467200000+0000)/,
62,ACCREC,4286e4ee-cc4a-4d74-9568-10935b3600bb,INV-0016,Yr Ref W08-143,"[{'PaymentID': 'f38b51a9-44e1-4afe-adc9-bb5c7fbbdf2d', 'Date': '/Date(1627603200000+0000)/', 'Amount': 568.31, 'Reference': '', 'CurrencyRate': 1.0, 'HasAccount': False, 'HasValidationErrors': False}]",[],[],[],270.63,568.31,0.0,,False,False,False,2021-07-20T00:00:00,/Date(1626739200000+0000)/,2021-07-30T00:00:00,/Date(1627603200000+0000)/,,AUTHORISED,Exclusive,[],775.0,63.94,838.94,/Date(1385072324570+0000)/,USD,a3cf95c5-9d26-42e1-80c0-69e5f24886d3,DIISR - Small Business Services,[],[],[],[],False,,,True
63,ACCPAY,bc532b0e-dfa7-44fd-99d9-1d24acd55b1c,RENT,,"[{'PaymentID': '8f7e1fb5-5ccf-4487-9bec-bf38926770e3', 'BatchPaymentID': '97318868-0172-4b01-8a04-6da0dcd62452', 'Date': '/Date(1628467200000+0000)/', 'Amount': 1181.25, 'Reference': '', 'CurrencyRate': 1.0, 'HasAccount': False, 'HasValidationErrors': False}]",[],[],[],0.0,1181.25,0.0,,False,False,False,2021-07-30T00:00:00,/Date(1627603200000+0000)/,2021-07-30T00:00:00,/Date(1627603200000+0000)/,,PAID,Inclusive,[],1091.22,90.03,1181.25,/Date(1385072764467+0000)/,USD,f4af0a9b-e710-4611-8618-4360944ce1f3,Truxton Property Management,[],[],[],[],False,dcd26e24-a848-4492-a452-695b88f66abc,/Date(1628467200000+0000)/,
64,ACCPAY,9d9cd0fc-661b-49fb-9062-6e50c139b78b,Rpt,,"[{'PaymentID': '18df9893-9cc0-4f47-8b15-b5798119d57d', 'BatchPaymentID': '97318868-0172-4b01-8a04-6da0dcd62452', 'Date': '/Date(1628467200000+0000)/', 'Amount': 46.82, 'Reference': '', 'CurrencyRate': 1.0, 'HasAccount': False, 'HasValidationErrors': False}]",[],[],[],0.0,46.82,0.0,,False,False,False,2021-07-31T00:00:00,/Date(1627689600000+0000)/,2021-08-09T00:00:00,/Date(1628467200000+0000)/,,PAID,Exclusive,[],43.25,3.57,46.82,/Date(1385072764497+0000)/,USD,b553bc60-5fb9-4d5e-b604-71aaf657cd3d,Net Connect,[],[],[],[],False,334e6b25-c876-499c-81da-ab1293bbeac5,/Date(1628467200000+0000)/,
65,ACCPAY,47b97878-df82-4330-b731-80610cce65d1,Rpt,,"[{'PaymentID': 'a13215f8-f573-4ff0-a93b-86fee4dd4ac6', 'BatchPaymentID': '97318868-0172-4b01-8a04-6da0dcd62452', 'Date': '/Date(1628467200000+0000)/', 'Amount': 135.85, 'Reference': '', 'CurrencyRate': 1.0, 'HasAccount': False, 'HasValidationErrors': False}]",[],[],[],0.0,135.85,0.0,,False,False,False,2021-07-30T00:00:00,/Date(1627603200000+0000)/,2021-08-09T00:00:00,/Date(1628467200000+0000)/,,PAID,Exclusive,[],125.5,10.35,135.85,/Date(1385072764513+0000)/,USD,8f48b066-e047-459d-80dd-d495b36608d0,PowerDirect,[],[],[],[],False,9bcc1e13-3e4a-47c5-a300-249bff8a00f6,/Date(1628467200000+0000)/,
66,ACCREC,1bba28a1-2807-4d2e-86a0-c418a91ac12f,INV-0030,Monthly support,[],[],[],[],550.0,0.0,0.0,1.0,False,False,False,2021-08-28T00:00:00,/Date(1630108800000+0000)/,2021-09-12T00:00:00,/Date(1631404800000+0000)/,d613f7f9-8fcb-477f-97f0-31eb85b7e5cf,DRAFT,Inclusive,[],508.08,41.92,550.0,/Date(1466789021017+0000)/,USD,3cbd5263-0965-4c4e-932c-bf50e3297610,Rex Media Group,[],[],[],[],False,,,
67,ACCREC,3f4a783e-6e80-4062-9300-4df2524e8bf7,INV-0029,Monthly support,[],[],[],[],550.0,0.0,0.0,1.0,False,False,False,2021-08-28T00:00:00,/Date(1630108800000+0000)/,2021-09-12T00:00:00,/Date(1631404800000+0000)/,d613f7f9-8fcb-477f-97f0-31eb85b7e5cf,DRAFT,Inclusive,[],508.08,41.92,550.0,/Date(1466789028673+0000)/,USD,fd89489e-699c-4d77-a881-10c127bfbeb3,Hamilton Smith Ltd,[],[],[],[],False,,,
